,author,title,description,url,urlToImage,publishedAt,content,source.id,source.name
0,https://www.facebook.com/bbcnews,Liu Jingyao and Liu Qiangdong: Chinese billionaire sexual assault case settled in US,A closely-watched case where business titan Richard Liu was accused of rape was settled hours before trial.,https://www.bbc.co.uk/news/world-asia-china-63070735,https://ichef.bbci.co.uk/news/1024/branded_news/D6D6/production/_126889945_gettyimages-501687560.jpg,2022-10-02T10:43:57Z,"By Tessa WongBBC News
It was meant to be one of the biggest MeToo trials China had ever seen, set to play out on the other side of the world in the US state of Minnesota.
The defendant was a 49-yea… [+9556 chars]",bbc-news,BBC News
1,,Thousands evacuate as Typhoon Hinnamnor hits S.Korea - Reuters.com,"Thousands of South Koreans have evacuated as Typhoon Hinnamnor made landfall in the country's south, authorities said on Tuesday, with heavy rain and strong winds expected to continue throughout the day.",https://www.reuters.com/world/asia-pacific/thousands-evacuate-typhoon-hinnamnor-hits-skorea-2022-09-06/,https://www.reuters.com/resizer/kVaWHgEhFNGziUrELBvIXXlmmr8=/1200x628/smart/filters:quality(80)/cloudfront-us-east-2.images.arcpublishing.com/reuters/VQ27HH5WYBMAJP5NKBOHTCEHVU.jpg,2022-09-06T01:07:00Z,"SEOUL, Sept 6 (Reuters) - Thousands of South Koreans have evacuated as Typhoon Hinnamnor made landfall in the country's south, authorities said on Tuesday, with heavy rain and strong winds expected t… [+2165 chars]",reuters,Reuters
2,Anna Moore,‘I didn’t want it anywhere near me’: how the Apple AirTag became a gift to stalkers,"A gadget the size of a 10p coin, the AirTag was intended to help people find their keys. Instead it has facilitated a boom in terrifying behaviour from abusersIn March this year, Laura (not her real name) was in her car when a notification showed up on her ph…",https://amp.theguardian.com/technology/2022/sep/05/i-didnt-want-it-anywhere-near-me-how-the-apple-airtag-became-a-gift-to-stalkers,https://i.guim.co.uk/img/media/2fe6ae22fe13b82b0e6dd0b4a7844f2427d2683d/109_0_2852_1713/master/2852.jpg?width=1200&height=630&quality=85&auto=format&fit=crop&overlay-align=bottom%2Cleft&overlay-width=100p&overlay-base64=L2ltZy9zdGF0aWMvb3ZlcmxheXMvdGctZGVmYXVsdC5wbmc&enable=upscale&s=f0efdd518902d6034fd3288307ad3e63,2022-09-05T09:00:12Z,"In March this year, Laura (not her real name) was in her car when a notification showed up on her phone, alerting her that an Apple AirTag had been detected nearby. I didnt know what it was or what i… [+8967 chars]",,The Guardian
3,Jennifer Spencer,4 Tips for Not Getting Scammed When Outsourcing Software Development,"If you're in need of a contractor to provide this vital service, know the warning signs of a sketchy company.",https://www.entrepreneur.com/technology/4-tips-for-not-getting-scammed-when-outsourcing-software/435041,https://assets.entrepreneur.com/content/3x2/2000/1663357109-shutterstock-1368244247.jpg,2022-09-21T12:52:00Z,"These days, more and more companies rely on software solutions to manage a wide range of important tasks. Because each enterprise may have different technology needs, however, they often require cust… [+4981 chars]",,Entrepreneur
4,Jim Koohyar Biniyaz,What to Look for When Hiring a CISO for a Growing Startup,"A CISO is a critical position in any startup, but selecting the right CISO can be a difficult process. Here are some of the qualities that make a good CISO and some tips on how to select one for your startup.",https://www.entrepreneur.com/growing-a-business/what-to-look-for-when-hiring-a-ciso-for-a-growing-startup/433828,https://assets.entrepreneur.com/content/3x2/2000/1663086001-GettyImages-1313807718.jpg,2022-09-16T17:00:00Z,"A CISO, or Chief Information Security Officer, is a corporate executive who oversees information security for a company. This position can vary in size and scope, but generally, it falls within the c… [+5866 chars]",,Entrepreneur
5,Alex Vakulov,Cybersecurity Outsourcing: Principles of Choice and Trust,"A few years ago, cybersecurity outsourcing was perceived as something inorganic and often restrained. Today, cybersecurity outsourcing is still a rare phenomenon. Instead, many companies prefer to take care of security issues themselves. Almost everyone has h…",https://readwrite.com/cybersecurity-outsourcing-principles-of-choice-and-trust/,https://images.readwrite.com/wp-content/uploads/2022/09/pexels-tima-miroshnichenko-5380596.jpg,2022-09-25T15:00:43Z,"A few years ago, cybersecurity outsourcing was perceived as something inorganic and often restrained. Today, cybersecurity outsourcing is still a rare phenomenon. Instead, many companies prefer to ta… [+12552 chars]",,ReadWrite
6,MEREDITH KOLODNER and ANNIE MA,Kids with disabilities face off-the-books school suspensions,"When she asked why he couldn’t stay for the rest of the day, Manwell said the school told her they would call child protective services if she didn’t take...",https://news.yahoo.com/kids-disabilities-face-off-books-130044742.html,https://s.yimg.com/ny/api/res/1.2/0PSpCJJvktjqLfdNQa.FFw--/YXBwaWQ9aGlnaGxhbmRlcjt3PTEyMDA7aD04MDA-/https://media.zenfs.com/en/ap.org/2606d047caeffc97cc49302192416a67,2022-10-04T13:00:44Z,"The phone call from her sons school was alarming. The assistant principal told her to come to the school immediately.
But when Lisa Manwell arrived at Pioneer Middle School in Plymouth, Michigan, he… [+8506 chars]",,Yahoo Entertainment
7,Scott Galloway,5 Ways to Fix America Today,"From inflated assets to climate change, America faces major threats—but Scott Galloway offers clear solutions to focus on today.",https://time.com/6216817/5-ways-to-fix-america-today/,https://api.time.com/wp-content/uploads/2022/09/GettyImages-1243370007.jpg?quality=85&w=1024&h=628&crop=1,2022-09-27T11:00:39Z,"My first book, The Four, started out as a love letter to Big Tech. I was enamored of their products, their innovation, their financial success, and the future they promised. But as I got further into… [+9677 chars]",time,Time
8,"USA TODAY, Marc Ramirez, USA TODAY","They paid taxes. Now undocumented Latinos are aging without savings, government care","They came to the U.S. as young people seeking better lives. Now, without money and facing retirement, what will happen to older undocumented Latinos?",https://www.usatoday.com/story/news/nation/2022/09/22/undocumented-immigrants-cant-access-government-healthcare-they-age/10367065002/,"https://www.gannett-cdn.com/presto/2021/04/02/USAT/3e2c4f08-d9e5-4b2b-9471-ac25de25d220-GTY_653285716.JPG?auto=webp&crop=6498,3656,x0,y372&format=pjpg&width=1200",2022-09-22T09:26:02Z,"In 1998, Noe Ramirez crossed into the United States from Mexico, hoping to earn enough to buy a new taxi to replace the sputtering cab he drove in Mexico City. The part-time musician found constructi… [+15765 chars]",usa-today,USA Today
9,,Photo of plutonium at Los Alamos shut down a lab for four years (2017),Repeated safety lapses hobble Los Alamos National Laboratory’s work on the cores of U.S. nuclear warheads,https://www.science.org/content/article/near-disaster-federal-nuclear-weapons-laboratory-takes-hidden-toll-america-s-arsenal,https://www.science.org/do/10.1126/science.aan7026/abs/eberts-lede-montage-illo.jpg,2022-10-02T22:42:53Z,Technicians at the government's Los Alamos National Laboratory settled on what seemed like a surefire way to win praise from their bosses in August 2011: In a hi-tech testing and manufacturing buildi… [+29249 chars],,Science.org
10,Rachel Cohen,Suspected counterfeit components found in ejection seat after fatal F-16 crash,New details about 1st Lt. David Schmitz's death have come to light in a federal civil lawsuit filed by his wife against three defense companies.,https://www.airforcetimes.com/news/your-air-force/2022/09/13/an-f-16-pilot-died-when-his-ejection-seat-failed-was-it-counterfeit/,https://www.airforcetimes.com/resizer/4Glq53kOW7ZyNX3U3Wjbi-ruyjE=/1024x0/filters:format(jpg):quality(70)/cloudfront-us-east-1.images.arcpublishing.com/archetype/G7AN77LVZFHJLCXOZNIAAVDBI4.jpg,2022-09-14T22:45:18Z,"An Air Force investigation of a fatal fighter jet crash in 2020 quietly discovered that key components of the pilots ejection seat may have been counterfeit, Air Force Times has learned.
First Lt. D… [+8934 chars]",,AirForceTimes.com
11,,Continuous Load Testing,"Building load test infrastructure is tricky and poses many questions. How can we identify performance regressions in newly deployed builds, given the overhead of spinning up test clients? To gather the most representative results, should we load test at our p…",https://slack.engineering/continuous-load-testing/,"https://slack.engineering/wp-content/uploads/sites/7/2022/04/Screen-Shot-2022-04-26-at-4.03.29-PM.png?resize=1280,823",2022-09-11T09:28:53Z,"Building load test infrastructure is tricky and poses many questions. How can we identify performance regressions in newly deployed builds, given the overhead of spinning up test clients? To gather t… [+17232 chars]",,Slack.engineering
12,,The Deacon and the Dog,"Fifty years later, a former FBI agent looks back on the bizarre bank robbery that inspired an iconic New York film.",https://www.city-journal.org/the-deacon-and-the-dog,https://media4.manhattan-institute.org/sites/cj/files/john-wojtowicz-outside-chase-manhattan-bank-1972.jpg,2022-09-06T19:22:15Z,"The memory that sticks out to Jim Murphy from the screwiest bank robbery in New York Citys history is not the slow drive down a dark road at JFK Airport, with a shotgun leveled inches from his head, … [+29771 chars]",,City Journal
13,Justin E. H. Smith,Re-Entering the Vampire Castle,"See the bottom of today’s ‘stack for some news and updates, and also for some summary comments on my “reader survey” of two weeks ago. “Shall I not then be stifled in the vault, To whose foul mouth no healthsome air breathes in?” —Juliet 1. Western Europeans …",https://justinehsmith.substack.com/p/re-entering-the-vampire-castle,"https://substackcdn.com/image/fetch/w_1200,h_600,c_fill,f_jpg,q_auto:good,fl_progressive:steep,g_auto/https%3A%2F%2Fbucketeer-e05bbc84-baa3-437e-9518-adb32be77984.s3.amazonaws.com%2Fpublic%2Fimages%2Fc83da0c9-2849-4927-a6bf-5db1e34b5ddc_776x1352.png",2022-09-23T21:07:54Z,"See the bottom of todays stack for some news and updates, and also for some summary comments on my reader survey of two weeks ago.
Audio playback is not supported on your browser. Please upgrade.
S… [+32964 chars]",,Substack.com
14,,American Data Privacy and Protection Act,Text for H.R.8152 - 117th Congress (2021-2022): American Data Privacy and Protection Act,https://www.congress.gov/bill/117th-congress/house-bill/8152/text,http://www.congress.gov/bill/117th-congress/house-bill/8152/img/opengraph1200by630.jpg,2022-09-22T14:32:34Z,"Text: H.R.8152 — 117th Congress (2021-2022)All Information (Except Text)
There is one version of the bill.
Shown Here:Introduced in House (06/21/2022)
To provide consumers with foundational data p… [+123430 chars]",,Congress.gov
15,cipher387,A collection of several hundred online tools for OSINT,A collection of several hundred online tools for OSINT - GitHub - cipher387/osint_stuff_tool_collection: A collection of several hundred online tools for OSINT,https://github.com/cipher387/osint_stuff_tool_collection,https://opengraph.githubassets.com/c0899c906145bf6be394cb66687d4398df953869e36861bdd9224567816061d0/cipher387/osint_stuff_tool_collection,2022-09-23T13:09:11Z,"Hello! On my Twitter account @cyb_detective I post different services, techniques, tricks and notes about OSINT and more. I collect all the links from my tweets in this collection (already 1000+ serv… [+131516 chars]",,Github.com
16,,Assassination Politics (1997),Comments,http://jya.com/ap.htm,,2022-09-10T14:26:08Z,"3 April 1997Source:
http://www.infowar.com/class_1/BELL1.html-ssi
by Jim Bell 
Part 1
I've been following the concepts of digital cash and encryption since I read
the article in the August 1992 … [+100298 chars]",,Jya.com
17,poffringa,Cloudflare GA Week Recap,"Cloudflare GA Week Blog Post, September 2022",https://softwarestackinvesting.com/cloudflare-ga-week-recap/,https://i0.wp.com/softwarestackinvesting.com/wp-content/uploads/2022/08/CF-Logo.png,2022-09-28T07:45:05Z,"After a break of just a few months, Cloudflare scheduled two of their Innovation Weeks back to back. The first was dubbed GA Week and brought a number of beta products to general availability. This s… [+45675 chars]",,Softwarestackinvesting.com
18,"Maxwell Strachan, Samantha Cole, Tim Marchman",Banished for an Unleashed Dog: Airbnb Bans Bewilder Guests and Hosts,Airbnb customers say they are being permanently banned after background checks reveal minor offenses like broken tail lights and old misdemeanors.,https://www.vice.com/en/article/7k8eqz/banished-for-an-unleashed-dog-airbnb-bans-bewilder-guests-and-hosts,https://video-images.vice.com/articles/63371e504175230092742d3a/lede/1664728710288-final-02.jpeg?image-resize-opts=Y3JvcD0xeHc6MXhoO2NlbnRlcixjZW50ZXImcmVzaXplPTEyMDA6KiZyZXNpemU9MTIwMDoq,2022-10-03T13:00:00Z,"Ashley couldn’t believe what she was reading. After she’d booked an Airbnb for a forthcoming trip to Ohio to visit family, the company had emailed her in September to tell her she was no longer eligi… [+19146 chars]",vice-news,Vice News
19,Etan Thomas,"If the NBA is serious about living its values, then Robert Sarver has to go | Etan Thomas","Donald Sterling was banned from the NBA for life. What the Phoenix Suns’ Robert Sarver did was worse, but earned him a slap on the wrist. The league simply must do betterAmid the backlash to what many interpreted as an inadequate punishment and a slap on the …",https://amp.theguardian.com/sport/2022/sep/16/robert-sarver-lifetime-nba-ban-donald-sterling,https://i.guim.co.uk/img/media/6bc25e5c0860a77eae39e99996459e1f940c4ca6/0_105_2880_1728/master/2880.jpg?width=1200&height=630&quality=85&auto=format&fit=crop&overlay-align=bottom%2Cleft&overlay-width=100p&overlay-base64=L2ltZy9zdGF0aWMvb3ZlcmxheXMvdGctb3BpbmlvbnMucG5n&enable=upscale&s=4a97c866350b459d7608f68131ffac4e,2022-09-16T16:00:19Z,"Amid the backlash to what many interpreted as an inadequate punishment and a slap on the wrist for Phoenix Suns governor Robert Sarver, NBA commissioner Adam Silver held a news conference Wednesday t… [+9450 chars]",,The Guardian
20,Joan E Greve,Biden set to unveil initiatives to combat hate-fueled violence,"President prepares to host a summit on the issue as he and the vice-president plan to deliver remarks at United We Stand summitJoe Biden was set on Thursday to unveil a new set of initiatives aimed at combatting hate-fueled violence, as he prepared to host a …",https://amp.theguardian.com/us-news/2022/sep/15/biden-united-we-stand-summit-innitiatives,https://i.guim.co.uk/img/media/ea251c4a58e52bc2ca1d00e60b54a2dc189210eb/0_299_4512_2708/master/4512.jpg?width=1200&height=630&quality=85&auto=format&fit=crop&overlay-align=bottom%2Cleft&overlay-width=100p&overlay-base64=L2ltZy9zdGF0aWMvb3ZlcmxheXMvdGctZGVmYXVsdC5wbmc&enable=upscale&s=b92822bea2bfccd921852945571796df,2022-09-15T16:58:49Z,"Joe Biden was set on Thursday to unveil a new set of initiatives aimed at combatting hate-fueled violence, as he prepared to host a White House summit on the issue.
Biden and his vice-president, Kam… [+4878 chars]",,The Guardian
21,Matthew Hall,‘Everyone knew his past’: how a coach stayed in soccer despite troubling allegations,"When Brad Evans resigned from the University of Toledo allegations of sexual misconduct effectively disappeared, allowing him to continue coaching<ul><li>‘It shattered my world’: an Ohio soccer coach, sexual misconduct and the system that has protected him</l…",https://amp.theguardian.com/sport/2022/sep/20/everyone-knew-his-past-how-a-coach-stayed-in-soccer-despite-troubling-allegations,https://i.guim.co.uk/img/media/f1d4d69980de3b32fe06a1145f21d7fc0ec47aec/94_0_3334_2001/master/3334.jpg?width=1200&height=630&quality=85&auto=format&fit=crop&overlay-align=bottom%2Cleft&overlay-width=100p&overlay-base64=L2ltZy9zdGF0aWMvb3ZlcmxheXMvdGctZGVmYXVsdC5wbmc&enable=upscale&s=5dcb84c1335925473f583dc86a9f71fd,2022-09-20T08:00:06Z,Lack of transparency and failure by the University of Toledo and the US Center for SafeSport to complete investigations into a sexual assault allegation against womens soccer coach Brad Evans opened … [+9836 chars],,The Guardian
22,"Aaron Gordon, Jason Koebler",28 Freight Rail Workers Tell Us What They Want You to Know About Their Lives,"In threatening to disrupt the nation’s economy, freight rail workers are seeking basic dignities every other worker takes for granted.",https://www.vice.com/en/article/qjkzbq/28-freight-rail-workers-tell-us-what-they-want-you-to-know-about-their-lives,https://video-images.vice.com/articles/63232f14f223f2009b489117/lede/1663251524602-railstrike2.png?image-resize-opts=Y3JvcD0xeHc6MXhoO2NlbnRlcixjZW50ZXImcmVzaXplPTEyMDA6KiZyZXNpemU9MTIwMDoq,2022-09-15T14:36:00Z,"For years, freight rail workers have been literally begging anyone to pay attention to what is going on in their industry. Long before pandemic-induced labor shortages, they have watched giant corpor… [+25305 chars]",vice-news,Vice News
23,Bloomberg News,Ukraine Latest: Gazprom Warns Gas Flows Through Ukraine at Risk,"(Bloomberg) -- Russia’s Gazprom warned that a major source of Europe’s gas flows through Ukraine was at risk of being sanctioned, hours after Swedish...",https://news.yahoo.com/ukraine-latest-zelenskiy-wants-more-070617102.html,https://s.yimg.com/ny/api/res/1.2/D7SXY_9yf.jKwT17f6BX2w--/YXBwaWQ9aGlnaGxhbmRlcjt3PTEyMDA7aD0xMTY1/https://media.zenfs.com/en/bloomberg_politics_602/4e9fce547d4072ba4a4766b313b90d92,2022-09-27T16:03:29Z,"(Bloomberg) -- Russias Gazprom warned that a major source of Europes gas flows through Ukraine was at risk of being sanctioned, hours after Swedish scientists said they had detected two powerful unde… [+10710 chars]",,Yahoo Entertainment
24,,"Lack of naloxone led to increased overdose deaths in rural Pennsylvania, study finds","Using data from the Pennsylvania Overdose Information Network from the years 2018-20 and American Community Survey data from 2015-19, geography researchers looked at the prevalence of overdoses in the state and found the availability of the anti-overdose ther…",https://www.sciencedaily.com/releases/2022/10/221003152153.htm,https://www.sciencedaily.com/images/scidaily-icon.png,2022-10-03T19:21:53Z,"Pennsylvania has one of the highest rates of opioid overdose in the nation, and, according to Penn State researchers, one's chances of surviving that overdose can depend on where the person lives.Usi… [+4208 chars]",,Science Daily
25,Sandeep Babu,33 Password Statistics Small Businesses Should Know,Find out why passwords are so important and the impact bad passwords can have on your business with these up-to-date statistics.,https://smallbiztrends.com/2022/10/password-statistics.html,https://media.smallbiztrends.com/2022/08/xx-password-statistics-small-businesses-should-know.png,2022-10-04T10:00:49Z,"If you buy something through our links, we may earn money from our affiliate partners. Learn more.
A password is crucial in protecting a device and confidential data on it from unauthorized access. … [+9871 chars]",,Small Business Trends
26,Rachel M. Cohen,Philadelphia elected a progressive prosecutor twice. The state government wants to fire him anyway.,Republicans are leading an impeachment investigation into Larry Krasner before the midterms.,https://www.vox.com/policy-and-politics/2022/10/5/23384868/philadelphia-progressive-prosecutor-midterms-larry-krasner-impeachment-pennsylvania,https://cdn.vox-cdn.com/thumbor/8J6YJZosNmlH0DrKs7JYfP4zz3o=/0x0:3440x1801/fit-in/1200x630/cdn.vox-cdn.com/uploads/chorus_asset/file/24082185/AP22257613320244a.jpg,2022-10-05T10:00:00Z,"Weeks before the midterms, a political drama is unfolding in Pennsylvania: A state committee to investigate crime in Philadelphia could ultimately impeach the citys twice-elected district attorney La… [+21162 chars]",,Vox
27,Lisa Tozzi,Aretha Franklin Was Tracked By the FBI for 40 Years. Here’s What’s In her File,"The agency tried — and failed — for decades to tie the Queen of Soul to ""extremists""",https://www.rollingstone.com/music/music-features/aretha-franklin-fbi-file-surveillance-1234602217/,https://www.rollingstone.com/wp-content/uploads/2022/09/aretha-franklin-foia-docs.jpg?w=1024,2022-10-02T13:09:00Z,"From 1967 to 2007, the Federal Bureau of Investigation methodically collected information about Aretha Franklin using false phone calls, surveillance, infiltration, and highly-placed sources, accordi… [+5412 chars]",,Rolling Stone
28,Bill McKibben,Where Will We Live?,"The climate crisis can be understood as an experiment in pace. By burning the remains of hundreds of millions of years of flora and fauna in the course of a few decades, we’re forcing the planet through changes that usually take eons; deep time is suddenly ru…",https://www.nybooks.com/articles/2022/10/06/where-will-we-live-climate-change-mckibben/,https://www.nybooks.com/wp-content/uploads/2022/09/mckIbben_1-100622-900.jpg,2022-09-15T12:00:00Z,"Meghan Hildebrand: Seasonal Drift, 2022
The climate crisis can be understood as an experiment in pace. By burning the remains of hundreds of millions of years of flora and fauna in the course of a f… [+23437 chars]",,The New York Review of Books
29,Al Jazeera,Indonesia announces investigation into Malang football disaster,Some 125 people were killed and hundreds more wounded after fans ran onto the pitch and police used tear gas on them.,https://www.aljazeera.com/news/2022/10/3/indonesia-announces-investigation-into-malang-football-disaster,https://www.aljazeera.com/wp-content/uploads/2022/10/2022-10-02T135320Z_641788038_RC21TW9TFNAR_RTRMADP_3_SOCCER-INDONESIA-RIOT.jpg?resize=1920%2C1440,2022-10-03T05:02:33Z,"Indonesia will establish an independent fact-finding team to investigate a stampede at a football stadium in which some 125 people, including more than a dozen children, died.
Indonesias coordinatin… [+3779 chars]",al-jazeera-english,Al Jazeera English
30,Ki Sung,How social-emotional learning became a frontline in the battle against CRT,"Nationwide, community members are protesting the teaching of social-emotional learning – largely because conservatives have linked it with another flashpoint in public education: critical race theory.",https://www.kqed.org/mindshift/59944/how-social-emotional-learning-became-a-frontline-in-the-battle-against-crt,https://ww2.kqed.org/app/uploads/sites/23/2022/09/lengleman-sel_revised2_custom-fe8885ea967becbd4f16499786f0f5a17fde7f1a-1020x637.jpg,2022-09-28T06:46:51Z,"""Our school board meetings have been tense and they've gotten heated,"" says Natalie Allen, the district's chief communications and community engagement officer. ""We saw multiple terms being linked to… [+15059 chars]",,KQED
31,Amanda Bartlett,Multiple driverless CRUISE cars block traffic in SF...,"Multiple driverless CRUISE cars block traffic in SF...

 
 
 
 (Second column, 29th story, link)

 

 

 
 Related stories:EV charge points in Britain now nearly as expensive as gas...",https://www.sfgate.com/local/article/driverless-cruise-cars-block-SF-traffic-17467985.php,https://s.hdnux.com/photos/01/27/51/01/22974586/3/rawImage.jpg,2022-09-27T22:04:38Z,"At least three driverless Cruise cars were responsible for holding up traffic and reportedly blocking a bus lane in San Francisco last week, the latest in a string of incidents involving the locally … [+2943 chars]",,SFGate
32,New York Times,Silicon Valley Slides Back Into 'Bro' Culture...,"SAN FRANCISCO — Last month, Mark Zuckerberg spent hours touting his love of jiujitsu, wrestling and UFC on Joe Rogan’s",https://dnyuz.com/2022/09/24/silicon-valley-slides-back-into-bro-culture/,https://dnyuz.com/wp-content/uploads/2022/09/Silicon-Valley-Slides-Back-Into-‘Bro-Culture.jpg,2022-09-24T13:46:40Z,"SAN FRANCISCO Last month, Mark Zuckerberg spent hours touting his love of jiujitsu, wrestling and UFC on Joe Rogans podcast, which is known for its hypermasculinity. Watching TV was not active enough… [+9391 chars]",,Dnyuz.com
33,Samantha Max,City touts a peaceful J’ouvert celebration,"J'Ouvert returned to Brooklyn on Monday, September 5, after a two-year hiatus due to the COVID-19 pandemic.
 

Leaders say new cooperation between police and community groups made a difference. [ more › ]",https://gothamist.com/news/city-touts-a-peaceful-jouvert-celebration,https://cms.prod.nypr.digital/images/333700/fill-1200x650/,2022-09-07T14:35:03Z,"Jouvert and the West Indian Day Parade returned to Brooklyn this past weekend for the first time since the start of the pandemic, and officials said the event went smoothly thanks to collaboration be… [+3269 chars]",,Gothamist
34,Baxter Holmes,Sources: Suns CEO fields staffers' concerns in call,"During an all-staff call Wednesday, CEO Jason Rowley talked the organization's post Robert Sarver-era future, whether punishment would be imminent for any specific leaders in a lengthy pattern of workplace misconduct, and other issues, sources told ESPN.",https://www.espn.com/nba/story/_/id/34639554/suns-ceo-jason-rowley-fields-staffers-questions-organization-post-robert-sarver-era-future-other-issues-sources-say,https://a1.espncdn.com/combiner/i?img=%2Fphoto%2F2020%2F0621%2Fr710828_1296x729_16%2D9.jpg,2022-09-22T02:21:41Z,"During an all-employees call Wednesday afternoon, held just hours after majority owner Robert Sarver announced that he would be selling the Phoenix Suns, the team's president and CEO Jason Rowley add… [+4104 chars]",,ESPN
35,Tim Bontemps,Silver: Didn't have right to take Suns from Sarver,"Suns owner Robert Sarver was likely spared even stronger sanctioning by the NBA because his use of slurs ""was not motivated by racial animus,"" according to investigators. Said Silver: ""I don't have the right to take away his team.""",https://www.espn.com/nba/story/_/id/34593189/nba-commissioner-adam-silver-says-right-take-away-phoenix-suns-owner-robert-sarver,https://a1.espncdn.com/combiner/i?img=%2Fi%2Fespn%2Fespn_logos%2Fespn_red.png,2022-09-14T21:41:33Z,"NEW YORK -- NBA commissioner Adam Silver said Wednesday that he doesn't ""know how to measure"" the punishment Phoenix Suns and Mercury owner Robert Sarver received for making racist and misogynist rem… [+7386 chars]",,ESPN
36,Elizabeth J. Meyer Ph.D.,Critical Race Theory and LGBTQ-Inclusive Schools,Controversies over Critical Race Theory and LGBTQ-inclusion in schools impede efforts to improve public education. What's the issue?,https://www.psychologytoday.com/ca/blog/gender-and-schooling/202209/critical-race-theory-and-lgbtq-inclusive-schools,https://cdn2.psychologytoday.com/assets/styles/manual_crop_1_91_1_1528x800/public/field_blog_entry_teaser_image/2022-09/stop_crt.jpg?itok=IIn6dfRm,2022-09-30T18:30:54Z,"Since 2020, there have been multiple media and political dust-ups over the idea that Critical Race Theory (CRT) is being taught in schools. Local politicians are campaigning on banning CRT as their p… [+5201 chars]",,Psychology Today
37,Elizabeth J. Meyer Ph.D.,Critical Race Theory and LGBTQ-Inclusive Schools,Controversies over Critical Race Theory and LGBTQ-inclusion in schools impede efforts to improve public education. What's the issue?,https://www.psychologytoday.com/us/blog/gender-and-schooling/202209/critical-race-theory-and-lgbtq-inclusive-schools,https://cdn2.psychologytoday.com/assets/styles/manual_crop_1_91_1_1528x800/public/field_blog_entry_teaser_image/2022-09/stop_crt.jpg?itok=IIn6dfRm,2022-09-30T18:30:54Z,"Since 2020, there have been multiple media and political dust-ups over the idea that Critical Race Theory (CRT) is being taught in schools. Local politicians are campaigning on banning CRT as their p… [+5201 chars]",,Psychology Today
38,finnstats,Machine Learning Impact on your day-to-day life!,"The post Machine Learning Impact on your day-to-day life! appeared first on finnstats. If you are interested to learn more about data science, you can find more articles here finnstats. Machine Learning Impact on your day-to-day life, One of the most signific…",https://www.r-bloggers.com/2022/09/machine-learning-impact-on-your-day-to-day-life/,https://i.imgur.com/Nl1R1Xh.jpg,2022-09-09T15:01:37Z,"[This article was first published on Data Analysis in R, and kindly contributed to R-bloggers]. (You can report issue about the content on this page here)
Want to share your content on R-bloggers? c… [+17903 chars]",,R-bloggers.com
39,Abner Li,Google commits another $150 million towards ADT partnership with Nest,"In August of 2020, Google announced a $450 million partnership with ADT and is now committing another $150 million. Meanwhile, the security company is now partnering with insurance provider State Farm.
 more…
The post Google commits another $150 million towar…",https://9to5google.com/2022/09/07/google-nest-adt-partnership/,https://i0.wp.com/9to5google.com/wp-content/uploads/sites/4/2022/09/google-nest-adt.jpeg?resize=1200%2C628&quality=82&strip=all&ssl=1,2022-09-07T15:51:13Z,"In August of 2020, Google announced a $450 million partnership with ADT and is now committing another $150 million. Meanwhile, the security company is now partnering with insurance provider State Far… [+2090 chars]",,9to5google.com
40,Al Tompkins,Thank you to the journalists and meteorologists covering Hurricane Ian,"Covering COVID-19 is a daily Poynter briefing of story ideas about the coronavirus and other timely topics for journalists, written by senior faculty Al Tompkins. Sign up here to have […]
The post Thank you to the journalists and meteorologists covering Hurri…",https://www.poynter.org/reporting-editing/2022/thank-you-to-the-journalists-and-meteorologists-covering-hurricane-ian/,https://www.poynter.org/wp-content/uploads/2022/09/AP_22271422556595.jpg,2022-09-29T10:00:21Z,"Covering COVID-19 is a daily Poynter briefing of story ideas about the coronavirus and other timely topics for journalists, written by senior faculty Al Tompkins. Sign up here to have it delivered to… [+9201 chars]",,Poynter
41,Dan Sabbagh,"Whether or not Russia was behind the Nord Stream blasts, little was at stake",Kremlin officials have talked up implications of the gas pipe explosions but there is no reason to expect a western military responseIt may never be possible to determine definitively whether Monday’s underwater explosions at the two Nord Stream gas pipelines…,https://amp.theguardian.com/world/2022/sep/27/whether-or-not-russia-was-behind-the-nord-stream-blasts-little-was-at-stake,https://i.guim.co.uk/img/media/ebdeb50dd4f3026391bb5aa76e7516241306f4c4/0_0_6048_3630/master/6048.jpg?width=1200&height=630&quality=85&auto=format&fit=crop&overlay-align=bottom%2Cleft&overlay-width=100p&overlay-base64=L2ltZy9zdGF0aWMvb3ZlcmxheXMvdGctZGVmYXVsdC5wbmc&enable=upscale&s=32b941a58ab0852b9e5efb67c3f80a1a,2022-09-27T18:49:54Z,"It may never be possible to determine definitively whether Mondays underwater explosions at the two Nord Stream gas pipelines were the work of Russian sabotage, but it is certainly the way to bet.
T… [+3122 chars]",,The Guardian
42,Helen Davidson in Taipei,Hong Kong pro-democracy figure Ted Hui sentenced to jail over 2019 protests,"Former legislator, who fled to Australia last year, said earlier that any sentence would not harm his reputation or lobbying workA Hong Kong court has sentenced pro-democracy figure in exile Ted Hui to three-and-a-half years in jail over charges related to th…",https://amp.theguardian.com/world/2022/sep/29/hong-kong-pro-democracy-figure-ted-hui-sentenced-to-jail-over-2019-protests,https://i.guim.co.uk/img/media/104059c9cf46252a8926cf0d4cf78aad62315fd6/0_144_3000_1800/master/3000.jpg?width=1200&height=630&quality=85&auto=format&fit=crop&overlay-align=bottom%2Cleft&overlay-width=100p&overlay-base64=L2ltZy9zdGF0aWMvb3ZlcmxheXMvdGctZGVmYXVsdC5wbmc&enable=upscale&s=0a69fcbea6e28966212dc2f4b8b49303,2022-09-29T04:19:14Z,"A Hong Kong court has sentenced pro-democracy figure in exile Ted Hui to three-and-a-half years in jail over charges related to the 2019 protest movement.
The ruling in Hong Kongs high court on Thur… [+2023 chars]",,The Guardian
43,"Tina Huang, Forbes Councils Member, 
 Tina Huang, Forbes Councils Member
 https://www.forbes.com/sites/forbestechcouncil/people/tinahuang/",Automation Playbook Part 2: How To Tackle Complexity With 'Approachable Automation',Capturing knowledge and expanding automation are the fundamental mechanisms to enable meaningful progress in managing today’s growing operational complexity.,https://www.forbes.com/sites/forbestechcouncil/2022/10/03/automation-playbook-part-2-how-to-tackle-complexity-with-approachable-automation/,https://imageio.forbes.com/specials-images/imageserve/6336fdbf9e4017d136377aff/0x0.jpg?format=jpg&width=1200,2022-10-03T12:15:00Z,"Tina Huang is the Founder and CTO of Transposit, a platform that bridges the gap between dev and ops with automated human-machine workflows.
getty
Judging by the ubiquitous cloud adoption, most org… [+6873 chars]",,Forbes
44,"Cindy Gordon, Contributor, 
 Cindy Gordon, Contributor
 https://www.forbes.com/sites/cindygordon/",Pandemic Preparedness: 9 AI Strategies For Companies To Plan For With A Focus On Advancing Caring And Wellness Intelligence,This blog focuses on Pandemic Preparedness and identifies 9 AI strategies for companies to plan for with a focus on advancing caring and wellness intelligence.,https://www.forbes.com/sites/cindygordon/2022/09/21/pandemic-preparedness-9-ai-strategies-for-companies-to-plan-for-with-a-focus-on-advancing-caring-and-wellness-intelligence/,https://imageio.forbes.com/specials-images/imageserve/63277bddd45bfd6f31065095/0x0.jpg?format=jpg&width=1200,2022-09-21T22:28:47Z,"Healthier and More Engaged Talent increases Happiness and Wellness
getty
Post COVID-19 Realities Increases Focus on Pandemic Preparedness
Post COVID-19 realities, the majority of B2B companies hav… [+16142 chars]",,Forbes
45,"Guy Yehiav, Forbes Councils Member, 
 Guy Yehiav, Forbes Councils Member
 https://www.forbes.com/sites/forbestechcouncil/people/guyyehiav/",Why IoT Is The Next Frontier For AI And Prescriptive Analytics,"Consumer expectations for quality, delivery speed, safety and supply are rising.",https://www.forbes.com/sites/forbestechcouncil/2022/09/09/why-iot-is-the-next-frontier-for-ai-and-prescriptive-analytics/,https://imageio.forbes.com/specials-images/imageserve/5f8ef32c53de1add7201f44a/0x0.jpg?format=jpg&width=1200,2022-09-09T11:15:00Z,"Guy, a recognized industry thought leader, is the president of SmartSense, IoT solutions for the enterprise.
getty
In recent years, artificial intelligence (AI) and prescriptive analytics have been… [+6708 chars]",,Forbes
46,"Carlos Morales, Forbes Councils Member, 
 Carlos Morales, Forbes Councils Member
 https://www.forbes.com/sites/forbestechcouncil/people/carlosmorales/",What Companies Need To Know About Implementing A Secondary DNS,Everyone has heard stories of—or experienced directly—businesses whose websites or applications have been taken offline by DDoS attacks.,https://www.forbes.com/sites/forbestechcouncil/2022/09/07/what-companies-need-to-know-about-implementing-a-secondary-dns/,https://imageio.forbes.com/specials-images/imageserve/5eea0f35fa37d800062b82f9/0x0.jpg?format=jpg&width=1200,2022-09-07T10:30:00Z,"Carlos Morales is the CTO for Neustar Security Services.
Getty
Its always DNS! has been a popular meme in the IT industry because of the number of problems that have been caused by DNS issues. Whil… [+6716 chars]",,Forbes
47,"Chuck Brooks, Contributor, 
 Chuck Brooks, Contributor
 https://www.forbes.com/sites/cognitiveworld/people/chuckbrooks/",For Cybersecurity Awareness Month (and Halloween) – Some Scary Cyber Threat Stats,"As we begin Cybersecurity Awareness month, it is incumbent for all of us to be more wary than usual by the scary stats surrounding an increasingly sophisticated and lethal cyber threat landscape.",https://www.forbes.com/sites/chuckbrooks/2022/10/02/for-cybersecurity-awareness-month-and-halloween--some-scary-cyber-threat-stats/,https://imageio.forbes.com/specials-images/imageserve/633a0456b4459cc9a08286fd/0x0.jpg?format=jpg&width=1200,2022-10-02T22:07:42Z,"close up Artificial Intelligence technology brain for backgrounds.Artificial Neural Networks cpu ... [+] circuit board
getty
A couple times a year I compile, analyze, and write about cybersecurity … [+39414 chars]",,Forbes
48,"Kenneth Rapoza, Senior Contributor, 
 Kenneth Rapoza, Senior Contributor
 https://www.forbes.com/sites/kenrapoza/",Nord Stream ‘Whodunnit’ May Never Be Known. What Is Known: Europe Energy In Deep Crisis Mode,The EU's sanctions on Russian fuel means higher electricity prices. That energy crisis is adding to the regions worsening economy.,https://www.forbes.com/sites/kenrapoza/2022/10/05/nord-stream-whodunnit-may-never-be-known-what-is-known-europe-energy-in-deep-crisis-mode/,https://imageio.forbes.com/specials-images/imageserve/633c872263620cf08878b209/0x0.jpg?format=jpg&width=1200,2022-10-05T12:00:00Z,"A screen grab from Danish Defense shows the gas leaking at Nord Stream 2 seen from the Danish F-16 ... [+] interceptor on Bornholm, Denmark on September 27, 2022. (Photo by Danish Defence/Anadolu Age… [+11995 chars]",,Forbes
49,,"Stockton, California police search for apparent serial killer tied to 6 murders, victims identified; $95,000 reward offered - KABC-TV","<ol><li>Stockton, California police search for apparent serial killer tied to 6 murders, victims identified; $95,000 reward offered  KABC-TV
</li><li>Stockton shooting murders: Possible serial killer seen in new image as police offer $85K reward  Fox News
<…",https://abc7.com/california-serial-killer-murders-stockton-victims-identities-homicides/12291936/,https://cdn.abcotvs.com/dip/images/12293120_stockton-serial-killer.jpg?w=1600,2022-10-04T06:22:30Z,"STOCKTON, Calif. -- Six unprovoked murders of men ages 21 to 54 Since April 2021 appear to be the work of one person, according to police in Stockton, California.
Authorities are searching for a per… [+3058 chars]",,KABC-TV
50,Greta Serrin,Stockton police chief says ‘stop the killing’ as they investigate serial homicides; person of interest sought - KCRA Sacramento,"<ol><li>Stockton police chief says ‘stop the killing’ as they investigate serial homicides; person of interest sought  KCRA Sacramento
</li><li>Serial killer fears after 43 murders in same area share chilling pattern as cops issue urgent warning...  The US S…",https://www.kcra.com/article/police-several-stockton-killings-connected-person-interest-located/41470162,"https://kubrick.htvapps.com/htv-prod-media.s3.amazonaws.com/images/poster-image-102-1664577436.jpg?crop=1.00xw:1.00xh;0,0&resize=1200:*",2022-10-01T02:50:00Z,"STOCKTON, Calif. —A person of interest is sought in connection with five recent killings that Stockton's police Chief Stanley McFadden said appear to be connected. However, police have not been able … [+3647 chars]",,KCRA Sacramento
51,"Rachel Swan, Kevin Fagan, Sarah Ravani",Police link possible Stockton serial killer to Oakland homicide - San Francisco Chronicle,"<ol><li>Police link possible Stockton serial killer to Oakland homicide  San Francisco Chronicle
</li><li>California serial killer: Stockton police release video of person of interest tied to 6 murders, 1 shooting  Fox News
</li><li>Search For Possible Seri…",https://www.sfchronicle.com/crime/article/Bay-Area-police-are-investigating-if-6-killings-17486276.php,https://s.hdnux.com/photos/01/27/61/62/23010436/3/rawImage.jpg,2022-10-04T23:26:15Z,"Detectives in Stockton have linked two more shootings to a string of cases they believe are related, possibly the work of a serial killer whom police have now connected to a homicide in Oakland.By de… [+5282 chars]",,San Francisco Chronicle
52,Andrea Salcedo,Texas doctor Raynaldo Ortiz Jr. charged with tampering with IV bags - The Washington Post,"<ol><li>Texas doctor Raynaldo Ortiz Jr. charged with tampering with IV bags  The Washington Post
</li><li>Dallas anesthesiologist tampered with IV bags, killing another doctor, prosecutors say  CNN
</li><li>Texas doctor arrested in connection to contaminate…",https://www.washingtonpost.com/nation/2022/09/15/texas-doctor-charged-iv-bags-tampering/,https://www.washingtonpost.com/wp-apps/imrs.php?src=https://arc-anglerfish-washpost-prod-washpost.s3.amazonaws.com/public/BKO4IABGDII6RB2L2UL6SEXREU.jpg&w=1440,2022-09-15T23:30:06Z,"In June, a Dallas area doctor who was feeling unwell wanted to use a saline IV bag she had gotten from her work to try to rehydrate. She tapped it into her veins while at home. Minutes later, she suf… [+6606 chars]",the-washington-post,The Washington Post
53,Maureen Lee Lenker,Fact or fiction: 6 scenes from 'Blonde' and the real-life stories behind them - Entertainment Weekly News,"<ol><li>Fact or fiction: 6 scenes from 'Blonde' and the real-life stories behind them  Entertainment Weekly News
</li><li>As ‘Blonde’ Goes No. 1 on Netflix, Viewers Lash Out: ‘So Sexist,’ ‘Cruel’ and ‘One of the Most Detestable Movies’ Ever Made  Yahoo Enter…",https://ew.com/movies/fact-or-fiction-marilyn-monroe-blonde-real-life-stories-behind-scenes/,https://imagesvc.meredithcorp.io/v3/mm/image?q=60&c=sc&rect=2%2C72%2C2000%2C1071&poi=%5B980%2C546%5D&w=2000&h=1000&url=https%3A%2F%2Fstatic.onecms.io%2Fwp-content%2Fuploads%2Fsites%2F6%2F2022%2F09%2F28%2FMarilyn-Monroe-Blonde-092822.jpg,2022-09-30T14:00:00Z,"Both in life and death, Marilyn Monroe has been mired in conspiracies. The new film Blonde, now on Netflix and based on Joyce Carol Oates' unconventional novel, trades heavily in the imagined details… [+6417 chars]",entertainment-weekly,Entertainment Weekly
54,https://www.facebook.com/bbcnews,Liu Jingyao and Liu Qiangdong: Chinese billionaire sexual assault case settled in US - BBC,"<ol><li>Liu Jingyao and Liu Qiangdong: Chinese billionaire sexual assault case settled in US  BBC
</li><li>Chinese billionaire Richard Liu settles US rape allegation  New York Post 
</li><li>JD.com Tycoon Settles Rape Lawsuit Hours Before US Trial Begins  B…",https://www.bbc.com/news/world-asia-china-63070735,https://ichef.bbci.co.uk/news/1024/branded_news/D6D6/production/_126889945_gettyimages-501687560.jpg,2022-10-02T10:43:57Z,"By Tessa WongBBC News
It was meant to be one of the biggest #MeToo trials China had ever seen, set to play out on the other side of the world in the US state of Minnesota.
The defendant was a 49-ye… [+9567 chars]",,BBC News
55,John Wright,TV chef Daniel Clifford: ‘If we charged French prices I’d be sitting here on my own’,Celebrity chef on why British diners would balk at £180 main courses,https://www.telegraph.co.uk/money/fame-fortune/tv-chef-daniel-clifford-charged-french-prices-sitting/,https://www.telegraph.co.uk/content/dam/money/2022/09/09/TELEMMGLPICT000152483405_trans_NvBQzQNjv4BqyKbbTIvVbvqvypOgwykjr5UZHdSKL0ReEgurepYFQIE.jpeg?impolicy=logo-overlay,2022-09-11T11:00:00Z,"What are the best and worst things you have bought?
Best: the conservatory. Worst: a machine called The Rocket. It cost £35,000 and it reduces liquid at 30C instead of boiling and losing flavour. Ev… [+2778 chars]",,Telegraph.co.uk
56,Jacob Ridley,If you thought the chip shortage was bad let me tell you about the capacitor plague,The very real 'millennium bug' was a dodgy cap fit to burst.,https://www.pcgamer.com/the-capacitor-plague-of-the-early-2000s/,https://cdn.mos.cms.futurecdn.net/JgKCpFvi88kTcbHi9NtFkL-1200-80.jpg,2022-09-06T14:57:43Z,"At the turn of the millennium many needlessly fretted over what might happen with the so-called Y2K 'bug.' Would the world, now dependent on computers for so much, come to a crunching halt due to a s… [+11740 chars]",,PC Gamer
57,Mike Stubbs,10 years of Counter-Strike: Global Offensive,How Steam's most popular game became its most popular game.,https://www.pcgamer.com/10-years-of-counter-strike-global-offensive/,https://cdn.mos.cms.futurecdn.net/uERHTJx9HfErULBuZ4ChrS-1200-80.png,2022-09-06T15:51:58Z,"The greatest competitive FPS of this generation began its life as a console port. Envisioned as a new era for the iconic franchise, Counter-Strike: Global Offensive was meant to bring together the fr… [+15409 chars]",,PC Gamer
58,Jeremy  Bender,Is Your Cybersecurity System Risking Your Business? - Business News Daily,"Highly complex IT security systems aren't always better; in fact, they could increase the risk and costs of a cyberattack.",https://www.businessnewsdaily.com/security/smb-risk,https://images.businessnewsdaily.com/app/uploads/2022/04/04080701/wireless_EvgeniyShkolenko_getty.jpg,2022-09-08T16:51:47Z,"<ul><li>The business security environment is rapidly becoming more complex, causing business cybersecurity systems to also increase in complexity.</li><li>IBMs Cost of a Data Breach 2022 Report found… [+9574 chars]",,Businessnewsdaily.com
59,Accenture,Accenture Intends to Acquire Stellantis' World Class Manufacturing Training & Consulting Business in Italy - Newsroom | Accenture,Accenture Intends to Acquire Stellantis' World Class Manufacturing Training & Consulting Business in Italy  Newsroom | Accenture,https://newsroom.accenture.com/news/accenture-intends-to-acquire-stellantis-world-class-manufacturing-training-and-consulting-business-in-italy.htm,https://newsroom.accenture.com/common/graphics/1101/acn_twitter_logo3.png?v=1.2,2022-09-13T12:16:30Z,"Accenture Intends to Acquire Stellantis’ World Class Manufacturing Training &amp; Consulting Business in ItalyAcquisition would strengthen Accenture’s capabilities in business process optimization
 … [+9694 chars]",,Accenture.com
60,Mark Johnson,Five things about covid we still don't understand at our peril - Yahoo News,Since a new coronavirus launched the global pandemic that has now killed more than 6.5 million people - 16 percent of them in the United States alone...,https://www.washingtonpost.com/health/2022/09/26/covid-questions-variants-long-covid/,https://s.yimg.com/ny/api/res/1.2/5HiY__oDzrHDxoGPxi19mA--/YXBwaWQ9aGlnaGxhbmRlcjt3PTEyMDA7aD04MDA-/https://media.zenfs.com/en/washington_post_articles_265/3a4cf5701b0c88c9c36ddf9831efb59a,2022-09-26T13:00:23Z,Since a new coronavirus launched the global pandemic that has now killed more than 6.5 million people - 16 percent of them in the United States alone - scientists in record numbers have devoted thems… [+15670 chars],the-washington-post,The Washington Post
61,Ian Barker,A third of people fall victim to cyberattacks despite training,"A new study of 3,000 individuals across the US, UK and Canada finds that although 58 percent of tech users that had access to cybersecurity training or education say they are better at recognizing phishing messages and related attacks, 34 percent still fell v…",https://betanews.com/2022/09/29/a-third-of-people-fall-victim-to-cyberattacks-despite-training/,https://betanews.com/wp-content/uploads/2015/08/Shock-horror-50x50.jpg,2022-09-29T10:16:05Z,"A new study of 3,000 individuals across the US, UK and Canada finds that although 58 percent of tech users that had access to cybersecurity training or education say they are better at recognizing ph… [+3388 chars]",,BetaNews
62,Alex Vakulov,7 reasons to start using deception technology,"Hacker attacks are often based on social engineering. Attackers send phishing emails, create fake websites and apps. Their goal is to force the victim to click a malicious link, open a virus file, or provide sensitive data. Simply put, cybercriminals try to d…",https://betanews.com/2022/09/07/deception-technology/,https://betanews.com/wp-content/uploads/2018/12/Deception-male-female-50x50.jpg,2022-09-07T17:17:40Z,"Hacker attacks are often based on social engineering. Attackers send phishing emails, create fake websites and apps. Their goal is to force the victim to click a malicious link, open a virus file, or… [+8746 chars]",,BetaNews
63,Alex Vakulov,Diving into the essence of deception technology,"You have probably heard about honeypots -- bait targets used to attract and detect hackers. In recent years, this technology has been upgraded and is now collectively called Deception. Today, deception technology is represented by quite a few vendors. The mos…",https://betanews.com/2022/09/26/the-essence-of-deception-technology/,https://betanews.com/wp-content/uploads/2012/12/mask-woman-laptop-notebook-privacy-50x50.jpg,2022-09-26T16:02:26Z,"You have probably heard about honeypots -- bait targets used to attract and detect hackers. In recent years, this technology has been upgraded and is now collectively called Deception.
Today, decept… [+15104 chars]",,BetaNews
64,Edmund Ingham,Invitae Stock: Losses And Debt Suggest Bearish Sentiment Is Deserved,"Invitae is a genetic testing specialist with a suite of products targeting oncology, women's health, and other diseases. Read why I rate NVTA stock a Hold.",https://seekingalpha.com/article/4542530-invitae-stock-losses-debt-suggest-bearish-sentiment-deserved,https://static.seekingalpha.com/cdn/s3/uploads/getty_images/108222683/image_108222683.jpg?io=getty-c-w750,2022-09-22T18:25:11Z,"GarySandyWales/E+ via Getty Images
Investment Thesis
 Invitae Corp (NYSE:NVTA) is a business that offers, in its own words:
 Offers high-quality, comprehensive, affordable genetic testing across m… [+14220 chars]",,Seeking Alpha
65,SA Transcripts,Sylvania Platinum Limited (SAPLF) Q4 2022 Earnings Call Transcript,"Sylvania Platinum Limited (OTCPK:SAPLF) Q4 2022 Results Conference Call September 8, 2022 7:00 AM ETCompany ParticipantsJaco Prinsloo - CEOLewanne Carminati - CFOConference Call...",https://seekingalpha.com/article/4539850-sylvania-platinum-limited-saplf-q4-2022-earnings-call-transcript,https://static.seekingalpha.com/assets/og_image_1200-29b2bfe1a595477db6826bd2126c63ac2091efb7ec76347a8e7f81ba17e3de6c.png,2022-09-08T21:46:02Z,"Sylvania Platinum Limited (OTCPK:SAPLF) Q4 2022 Results Conference Call September 8, 2022 7:00 AM ET
 Company Participants
 Jaco Prinsloo - CEO
 Lewanne Carminati - CFO
 Conference Call Participa… [+51420 chars]",,Seeking Alpha
66,SA Transcripts,Iris Energy Limited (IREN) Q4 2022 Earnings Call Transcript,"Iris Energy Limited (NASDAQ:NASDAQ:IREN) Q4 2022 Earnings Conference Call September 13, 2022 5:00 PM ETCompany ParticipantsLincoln Tan - Senior Manager, Corporate Finance Daniel Roberts -...",https://seekingalpha.com/article/4540822-iris-energy-limited-iren-q4-2022-earnings-call-transcript,https://static.seekingalpha.com/assets/og_image_1200-29b2bfe1a595477db6826bd2126c63ac2091efb7ec76347a8e7f81ba17e3de6c.png,2022-09-14T02:28:02Z,"Iris Energy Limited (NASDAQ:IREN) Q4 2022 Earnings Conference Call September 13, 2022 5:00 PM ET
 Company Participants
 Lincoln Tan - Senior Manager, Corporate Finance 
 Daniel Roberts - Co-Founde… [+63269 chars]",,Seeking Alpha
67,"APA Monitor, APA Monitor",Campuses Are Rethinking Their Approach to Student Mental Health,"Source: APA Monitor
By nearly every metric, U.S. student mental health is worsening. During the 2020–2021 school year, more than 60% of college students met the criteria for at least one mental health problem, according to a 2022 study of 373 campuses nation…",https://www.apa.org/monitor/2022/10/mental-health-campus-care,https://www.apa.org/images/2022-10-feature-campus-crisis-tile_tcm7-309786.jpg,2022-10-02T07:41:31Z,"By nearly every metric, student mental health is worsening. During the 20202021 school year, more than 60% of college students met the criteria for at least one mental health problem, according to th… [+18113 chars]",,Apa.org
68,"Andrew Pulrang, Contributor, 
 Andrew Pulrang, Contributor
 https://www.forbes.com/sites/andrewpulrang/",‘The Squeaky Wheel’ Shows How Disability Humor Works. It’s Also Funny,“The Squeaky Wheel” makes fun of the real life absurdities of living with disabilities and encountering everyday ableism.,https://www.forbes.com/sites/andrewpulrang/2022/09/30/the-squeaky-wheel-shows-how-disability-humor-works-its-also-funny/,"https://imageio.forbes.com/specials-images/imageserve/633478331e6b3d1d4d377afb/0x0.jpg?format=jpg&crop=960,540,x0,y0,safe&width=1200",2022-09-30T16:09:37Z,"The Squeaky Wheel
The Squeaky Wheel
Disabled Monopoly Player Panics as Assets Approach $2000
This one satirical headline may be the best introduction to the appeal and promise of a year-old disabi… [+8705 chars]",,Forbes
69,"Dr. Shaheena Janjuha-Jivraj, Contributor, 
 Dr. Shaheena Janjuha-Jivraj, Contributor
 https://www.forbes.com/sites/shaheenajanjuhajivrajeurope/",Data Becomes The Latest Defense In Protecting Education,"The launch of the new data portal TRACE, a partnership between Plan International, The Education Above All Foundation and wider partners provides quick access to data and ways to address education under attack.",https://www.forbes.com/sites/shaheenajanjuhajivrajeurope/2022/09/09/data-becomes-the-latest-defense-in-protecting-education/,https://imageio.forbes.com/specials-images/imageserve/6319bc8c9b5e31274c213eca/0x0.jpg?format=jpg&width=1200,2022-09-09T09:51:00Z,"Zalissa in Burkina Faso, in 2020, her family was forced to flee their home and move to Kaya to ... [+] escape violence and insecurity. When the attacks began, she dropped out of school and stayed at … [+8309 chars]",,Forbes
70,Nora Jones,Article: The Hows and Whys of Effective Production-Readiness Reviews,"At QCon Plus November 2021, Nora Jones, CEO and founder of Jeli, talked about how to build production readiness reviews (PRR) with emphasis on context and psychological safety. Her talk focused on the particulars of a PRR process that relates to incidents. By…",https://www.infoq.com/articles/incidents-prr-psychological-safety/,https://res.infoq.com/articles/incidents-prr-psychological-safety/en/headerimage/generatedHeaderImage-1663012379528.jpg,2022-09-15T09:00:00Z,<ul><li>Context is decisive in the creation of an organization's repeatable production-readiness review (PRR) process.</li><li>Understanding the current PRR process and its particulars calls for psyc… [+22694 chars],,InfoQ.com
71,Nicky Wrightson,Presentation: The Secret Strategy for Landing That Staff Engineer Role,"Nicky Wrightson shares from her expertise having several different senior IC roles to give insight into the possible routes of staff plus role, including what is needed to get a staff plus role. By Nicky Wrightson",https://www.infoq.com/presentations/get-staff-plus-role/,https://res.infoq.com/presentations/get-staff-plus-role/en/mediumimage/Nicky+Wrightson-m-1663740313574.jpg,2022-09-23T21:06:00Z,"Transcript
Wrightson: A couple of years ago, I wrote an article about what it was like to be a principal engineer. Following that, I started getting pinged by engineers that were wanting advice on d… [+39690 chars]",,InfoQ.com
72,Jessica Kerr,Presentation: Observability for Speed & Flow,"Jessica Kerr considers that we should be looking at the software as part of the team, and observability in the software becomes an asset to organizing teams. By Jessica Kerr",https://www.infoq.com/presentations/observability-team-organization/,https://res.infoq.com/presentations/observability-team-organization/en/mediumimage/jessica-kerr-m-1663739971662.jpg,2022-09-23T23:09:00Z,"Transcript
Kerr: I'm Jessica Kerr. I am a big fan of systems thinking, especially in software. I'm very keen on observability, which is why I work at Honeycomb. Today I get to talk about observabili… [+40891 chars]",,InfoQ.com
73,Ask a Manager,"boyfriend’s employer keeps wrecking our plans, company doesn’t care about customer threats, and more","This post, boyfriend’s employer keeps wrecking our plans, company doesn’t care about customer threats, and more , was originally published by Alison Green on Ask a Manager.
It’s five answers to five questions. Here we go… 1. Boyfriend’s employer keeps wreckin…",https://www.askamanager.org/2022/09/boyfriends-employer-keeps-wrecking-our-plans-company-doesnt-care-about-customer-threats-and-more.html,https://www.askamanager.org/wp-content/uploads/2022/08/Ask-a-Manager-twitter-Card-pass-3.png,2022-09-29T04:03:04Z,"Its five answers to five questions. Here we go
1. Boyfriends employer keeps wrecking our plans
My boyfriend works as a carer and, so far as it’s possible for an outsider to judge, seems really cons… [+9650 chars]",,Askamanager.org
74,POM Administrator,The Way We Talk About Women’s Safety While Running Needs to Change,"The murder of Eliza Fletcher highlights the freedoms that women runners are asked to surrender in the name of safety. Why not hold society accountable for violence?
The post The Way We Talk About Women’s Safety While Running Needs to Change appeared first on …",https://www.outsideonline.com/health/running/culture-running/opinion-culture-running/i-hate-talking-about-safety/,https://www.outsideonline.com/wp-content/uploads/2022/09/runner.jpg?width=1200,2022-09-08T19:49:18Z,"""],""renderIntial"":true,""wordCount"":350}'&gt;
 On Tuesday, September 6th, the body of 34-year-old Eliza Fletchera mom, kindergarten teacher, and avid runnerwas found in an abandoned duplex in Memphis… [+6615 chars]",,Outside
75,John Ely Senior,Crocodile bites and toxic mushrooms: The WEIRDEST reasons Britons needed the NHS post-lockdown,"EXCL: From crocodile attack to sex addiction, MailOnline reveals some of the most bizarre reasons people ended up in hospital in England in the first full year out of lockdown.",https://www.dailymail.co.uk/health/article-11239367/Crocodile-bites-toxic-mushrooms-WEIRDEST-reasons-Britons-needed-NHS-post-lockdown.html,https://i.dailymail.co.uk/1s/2022/09/23/11/62725707-0-image-a-3_1663929906295.jpg,2022-09-23T11:07:50Z,"Crocodile bites, volcanic eruptions and ingesting toxic mushrooms.
Those are just some of the weird ways Britons injured themselves in the first year after lockdown.
MailOnline has analysed the mos… [+8086 chars]",,Daily Mail
76,Phil Muncaster,Four-Fifths of Firms Hit by Critical Cloud Security Incident,"Data leaks, breaches and intrusions caused headaches over past year",https://www.infosecurity-magazine.com/news/fourfifths-firms-critical-cloud/,https://assets.infosecurity-magazine.com/webpage/og/6c8530c9-21f9-4280-a86e-105e46c2015a.png,2022-09-14T09:20:00Z,"Some 80% of organizations suffered a “severe” cloud security incident over the past year, while a quarter worry they’ve suffered a cloud data breach and aren’t aware of it, according to new research … [+1934 chars]",,Infosecurity Magazine
77,Jamie Frater,10 Hallucinations Believed to Have Inspired Famous Works of Art,"Although people sometimes think of “art” as only or primarily the visual arts, fine arts are much more varied. According to The Dictionary of Cultural Literacy, they include not only painting and drawing but also “sculpture, literature, architecture, drama, m…",https://listverse.com/2022/09/27/10-hallucinations-believed-to-have-inspired-famous-art/,https://listverse.com/wp-content/uploads/2022/09/Hieronymus-Bosch.jpg,2022-09-27T07:00:00Z,"Although people sometimes think of “art” as only or primarily the visual arts, fine arts are much more varied. According to The Dictionary of Cultural Literacy, they include not only painting and dra… [+13049 chars]",,Listverse.com
78,Jamie Frater,10 Chilling Memorial Sites of the Witches of Europe,"Witches, or those accused of being witches, were a common enemy in the vast swathes of Europe between 1500 and 1700. The last-recorded woman accused of being a witch, Anna Goldï, was beheaded in 1782. Her supposed crime was infant murder, as it’s highly likel…",https://listverse.com/2022/09/24/10-chilling-memorial-sites-of-the-witches-of-europe/,https://listverse.com/wp-content/uploads/2019/09/witch-1.jpg,2022-09-24T07:01:00Z,"Witches, or those accused of being witches, were a common enemy in the vast swathes of Europe between 1500 and 1700. The last-recorded woman accused of being a witch, Anna Goldï, was beheaded in 1782… [+9409 chars]",,Listverse.com
79,Jamie Frater,10 Athletes Whose Careers Have Been Defined by Mistakes,"It’s intriguing that for all the power that our brains have, it often chooses to reflect inward and damage the mind. Please, tell me if you’ve never been drifting off to sleep when your brain snaps you back to reality to remind you of something completely emb…",https://listverse.com/2022/09/23/10-athletes-whose-careers-have-been-defined-by-mistakes/,https://listverse.com/wp-content/uploads/2022/09/Bill-Gramatica-acl-celebration.jpg,2022-09-23T07:00:00Z,"It’s intriguing that for all the power that our brains have, it often chooses to reflect inward and damage the mind. Please, tell me if you’ve never been drifting off to sleep when your brain snaps y… [+16214 chars]",,Listverse.com
80,Zack Voell,Is Mining Censorship A Serious Threat To Bitcoin?,Several mining entities have attempted censorship attacks on the Bitcoin network. Does the practice pose a threat to its permissionless ethos?,https://bitcoinmagazine.com/culture/is-mining-censorship-a-threat-to-bitcoin,https://bitcoinmagazine.com/.image/t_share/MTkxMzU0MjE4MDMwODM1MjMz/miner-speech-transaction-broadcast.png,2022-09-27T18:55:09Z,"This is an opinion editorial by Zack Voell, a bitcoin mining and markets researcher.
Bitcoin is designed to be a permissionless, censorship-resistant financial tool, and miners are supposed to be on… [+6868 chars]",,Bitcoin Magazine
81,Anonymous,Advice for making real DEI change in STEM departments (opinion),"Kavitha Chintam and Alexis Prybutok describe in some detail how their STEM department’s committee on diversity, equity and inclusion is actualizing real change.
Show on Jobs site: 
Image Size: 
Thumbnail-horizontal
Multiple Authors: 
Kavitha Chintam
Ale…",https://www.insidehighered.com/advice/2022/09/16/advice-making-real-dei-change-stem-departments-opinion,https://www.insidehighered.com/sites/default/server_files/media/conditionally%20accepted_121_10_9_72.jpg,2022-09-16T07:00:00Z,"At the close of the past academic year, we sat down around some chocolate chess pie and reflected on the journey our department of chemical and biological engineering at Northwestern University has t… [+12961 chars]",,Inside Higher Ed
82,Josh Moody,Some trustees aim to oust Michigan State president,"Image: 
Michigan State University president Dr. Samuel Stanley Jr. is reportedly facing pressure from a faction of the Board of Trustees to step down, a move the chairwoman has called a rogue effort by certain members. Now Dr. Stanley faces an uncertain futu…",https://www.insidehighered.com/news/2022/09/13/some-trustees-aim-oust-michigan-state-president,https://www.insidehighered.com/sites/default/server_files/media/samuel-l-stanley-jr-landscape.jpg,2022-09-13T07:00:00Z,"Michigan State University president Dr. Samuel Stanley Jr. is reportedly facing pressure from a faction of the Board of Trustees to step down, a move the chairwoman has called a rogue effort by certa… [+8374 chars]",,Inside Higher Ed
83,Josh Moody,VMI to honor former leader who resigned amid scrutiny,"Image: 
General J. H. Binford Peay III has a complicated legacy at Virginia Military Institute. After 17 years as superintendent, Peay resigned in 2020 under scrutiny amid an investigation that would reveal damning details about VMI’s culture. But now, with …",https://www.insidehighered.com/news/2022/10/04/vmi-honor-former-leader-who-resigned-amid-scrutiny,https://www.insidehighered.com/sites/default/server_files/media/PEAY.jpg,2022-10-04T07:00:00Z,"General J. H. Binford Peay III has a complicated legacy at Virginia Military Institute. After 17 years as superintendent, Peay resigned in 2020 under scrutiny amid an investigation that would reveal … [+8075 chars]",,Inside Higher Ed
84,Susan H. Greenberg,New film explores the enduring power of hazing culture,"Image: 
In his new documentary Hazing (Independent Lens and PBS, premieres Sept. 12), filmmaker Byron Hurt explores the abusive—even deadly—rituals of hazing culture and how they reflect the powerful human desire to belong. Hurt spoke with Inside Higher Ed v…",https://www.insidehighered.com/news/2022/09/06/new-film-explores-enduring-power-hazing-culture,https://www.insidehighered.com/sites/default/server_files/media/Hazing_PubStill_17_final.JPG,2022-09-06T07:00:00Z,"In his new documentary Hazing (Independent Lens and PBS, premieres Sept. 12), filmmaker Byron Hurt explores the abusive—even deadly—rituals of hazing culture and how they reflect the powerful human d… [+11120 chars]",,Inside Higher Ed
85,Don Boudreaux,Some Links,"(Don Boudreaux) TweetAnthony Gill and GMU Econ alum Michael Thomas compare Biden’s student-loan forgiveness to jubilee. Jeffrey Rogers Hummel reviews, in Reason, Roger Lowenstein’s new book, Ways and Means: Lincoln and His Cabinet and the Financing of the Civ…",https://cafehayek.com/2022/09/some-links-1810.html,https://cafehayek.com/wp-content/uploads/2016/02/hayeklaptop_165.jpg,2022-09-17T13:50:11Z,"Tweet
Anthony Gill and GMU Econ alum Michael Thomas compare Biden’s student-loan forgiveness to jubilee.
Jeffrey Rogers Hummel reviews, in Reason, Roger Lowenstein’s new book, Ways and Means: Linco… [+4062 chars]",,Cafehayek.com
86,,How the 20 “R words” inform the future of tech leadership in local government - American City & County,Those in government technology were not exempt from the daily pressures of keeping all the tech running safely in a 24/7 mobile environment.,https://www.americancityandcounty.com/2022/09/21/how-the-20-r-words-inform-the-future-of-tech-leadership-in-local-government/,https://www.americancityandcounty.com/files/2022/09/M0KXF4-1024x724.jpg,2022-09-21T16:34:43Z,"As the pandemic began to wane, and the basic routines of life and work became more predictable, many realized that past pressuresthe long endless hours that blurred time and day was clearly unsustain… [+9931 chars]",,Americancityandcounty.com
87,,From DevOps to front-end - a guide to high-tech’s most wanted jobs - CTech,Ever wondered what a Big Data architect does all day? How about an information assurance analyst? CTech is here to help with a glossary of some of the most sought-after professions in tech,https://www.calcalistech.com/ctechnews/article/sk3ipmozi,https://images1.calcalist.co.il/picserver3/crop_images/2022/08/16/HyPDplK05/HyPDplK05_1_179_2000_1126_0_large.jpg,2022-10-03T08:36:00Z,"11:36, 03.10.22 
The high-tech sector constantly creates an ever increasing number of roles, professions and areas of expertise, but many of them sound like complete gibberish to anyone who isnt dee… [+8655 chars]",,CTech
88,"Marc Saltzman, USA TODAY",How to prepare for Hurricane Ian: These tech tips could save your life - USA TODAY,How to prepare for Hurricane Ian: These tech tips could save your life  USA TODAY,https://www.usatoday.com/story/tech/2022/09/28/how-prepare-hurricane-ian-tech-preparedness/10448246002/,https://www.gannett-cdn.com/-mm-/487b32b59c9a86175a0f21128289648b6214e48b/c=0-80-642-441/local/-/media/2017/09/05/USATODAY/usatsports/red-cross-emergency-radio.jpg?auto=webp&format=pjpg&width=1200,2022-09-28T14:18:14Z,"As Florida braces for Hurricane Ian, which is expected to rapidly strengthen to a “catastrophic” Category 4 storm before it makes landfall, it’s a good reminder to prepare for any natural disasters t… [+9321 chars]",usa-today,USA Today
89,Industry News,Zscaler acquires ShiftRight to tackle numerous security challenges,"Zscaler announced it has completed its acquisition of ShiftRight, a provider of closed loop security workflow automation. ShiftRight’s workflow automation technology is currently being integrated into the Zscaler Zero Trust Exchange cloud security platform to…",https://www.helpnetsecurity.com/2022/09/30/zscaler-shiftright/,https://img.helpnetsecurity.com/wp-content/uploads/2021/10/14111326/acquisitions_1200.jpg,2022-09-29T23:00:46Z,"Zscaler announced it has completed its acquisition of ShiftRight, a provider of closed loop security workflow automation. 
ShiftRights workflow automation technology is currently being integrated in… [+2150 chars]",,Help Net Security
90,Industry News,LogRhythm Axon helps SecOps manage data and operational infrastructure,"LogRhythm has unveiled LogRhythm Axon, a cloud-native security operations platform. Since 2003, LogRhythm has been empowering security teams to navigate the ever-changing threat landscape with confidence. Unlike other providers, Axon is a brand-new cloud-nati…",https://www.helpnetsecurity.com/2022/10/04/logrhythm-axon/,https://img.helpnetsecurity.com/wp-content/uploads/2021/10/20092552/security_platforma_1200.jpg,2022-10-04T02:25:41Z,"LogRhythm has unveiled LogRhythm Axon, a cloud-native security operations platform. Since 2003, LogRhythm has been empowering security teams to navigate the ever-changing threat landscape with confid… [+3959 chars]",,Help Net Security
91,Guest Contributor,EPA’s Chemical Safety Rule Tests the Biden Administration’s Commitment to Environmental Justice,"In christening a new office of environmental justice, Environmental Protection Agency Administrator Michael Regan proclaimed Saturday that “underserved and overburdened communities are at the forefront of our work.” A stern test of that proclamation began jus…",https://cleantechnica.com/2022/09/30/epas-chemical-safety-rule-tests-the-biden-administrations-commitment-to-environmental-justice/,https://cleantechnica.com/files/2022/09/csb.gov_.png,2022-09-30T20:30:23Z,"In christening a new office of environmental justice, Environmental Protection Agency Administrator Michael Regan proclaimed Saturday that underserved and overburdened communities are at the forefron… [+8775 chars]",,CleanTechnica
92,Jennifer Sensiba,Utah Wildlife Enforcement Officers Set Up Drone Team,"In the past, I’ve written a number of articles explaining how drones have allowed clean electric aviation to develop in ways that just aren’t possible with manned aircraft. Since batteries can’t currently store enough energy to move large planes except for sh…",https://cleantechnica.com/2022/09/28/utah-wildlife-enforcement-officers-set-up-drone-team/,https://cleantechnica.com/files/2022/05/DJI-Mini-3-Pro-Press-Image.png,2022-09-28T09:30:53Z,"In the past, I’ve written a number of articles explaining how drones have allowed clean electric aviation to develop in ways that just aren’t possible with manned aircraft. Since batteries can’t curr… [+7112 chars]",,CleanTechnica
93,Jennifer Sensiba,Florida’s Hurricane Shows How Climate Can Severely Hurt Disaster Response,"Puerto Rico, September 30, 2017 - Aerial view shows homes that were left roofless in Puerto Rico, due to the strong winds brought by Hurricane Maria. Yuisa Rios\/FEMA"",""created_timestamp"":""1506776700"",""copyright"":""Public domain"",""focal_length"":""92"",""iso"":""100…",https://cleantechnica.com/2022/09/28/floridas-hurricane-shows-how-climate-can-severely-hurt-disaster-response/,https://cleantechnica.com/files/2022/09/17mep002_fema-aerial-hurricanedamage-pr-photo-by-yuisa-rios-fema-e1664257392868.jpg,2022-09-28T10:00:03Z,"As Hurricane Ian makes its way toward Florida, people are on edge. Will it lose strength and become a “no big deal” storm? Will it pick up strength and blow people’s houses down? Or, will it dump mor… [+8205 chars]",,CleanTechnica
94,rhackett2,SBC 22: Field Notes from Science of Blockchain 2022,"A roundup of talks, papers, and more from DeFi Security Summit and Science of Blockchain Conference 2022 (SBC 22) hosted at Stanford.",https://a16zcrypto.com/sbc-22-science-of-blockchain-conference-field-notes/,https://a16zcrypto.com/wp-content/uploads/2022/09/Crypto_Field_Notes_SBC-Stanford_FB.jpg,2022-09-12T21:12:17Z,"Field notes is a series where we report on the ground at significant industry, research, and other events. In this edition, some of the a16z crypto team members in attendance rounded up a collection … [+10695 chars]",,A16zcrypto.com
95,,Xi Whiz,"Aren’t we lucky that both the mainstream and social media blocked the news about Hunter’s laptop? Aside from all the disgusting images found on it of Hunter’s drug and orgy-filled days and nights, the “Big Guy’s” t...",https://www.americanthinker.com/articles/2022/09/xi_whiz.html,https://www.americanthinker.com/images/bucket/2022-09/240464.jpg,2022-09-25T05:00:00Z,"Aren’t we lucky that both the mainstream and social media blocked the news about Hunter’s laptop? Aside from all the disgusting images found on it of Hunter’s drug and orgy-filled days and nights, th… [+6010 chars]",,Americanthinker.com
96,,"Democrats: Importing racism, sexism, and terrorism","The Democrats are obsessed with racism, sexism, terrorism, and LGBTQ+. Why then, are they encouraging an open southern border, and giving preferences to Muslim immigrants, when both increase all of the above because ingrained biases travel with immig...",https://www.americanthinker.com/articles/2022/10/democrats_importing_racism_sexism_and_terrorism.html,https://www.americanthinker.com/images/bucket/2022-09/241053.jpg,2022-10-04T05:00:00Z,"The Democrats are obsessed with racism, sexism, terrorism, and LGBTQ+. Why then, are they encouraging an open southern border, and giving preferences to Muslim immigrants, when both increase all of t… [+7582 chars]",,Americanthinker.com
97,John Orquiola,"At Last, Vhagar Makes Our Balerion Dreams Come True (& Then Some)",Balerion the Black Dread is dead in House of the Dragon but Vhagar has finally debuted and shows us what the might of the Targaryens really is.,https://screenrant.com/house-dragon-vhagar-appearance-balerion-good/,https://static1.srcdn.com/wordpress/wp-content/uploads/2022/09/House-of-the-dragon-balerion-vhagar-laena.jpg,2022-09-28T14:40:13Z,"Warning: SPOILERS for House of the Dragon Episode 6 - ""The Princess And The Queen"" - And Future EpisodesVhagar finally debuted in House of the Dragon episode 6 and the mightiest dragon in Westeros ma… [+5081 chars]",,Screen Rant
98,Connor Shelton,"10 Best Male Movie Characters Who Aren't ""Tough & Badass"", According To Reddit",Not every male movie character has to be a tough guy. Redditors discuss their favorite male film characters who don't fit the typical hero stereotype.,https://screenrant.com/best-male-movie-characters-not-tough-badass-reddit/,https://static1.srcdn.com/wordpress/wp-content/uploads/2022/09/Non-Badass-Male-Characters-1.jpg,2022-09-21T13:45:13Z,"The history of cinema is full of male protagonists who embody a certain type of masculinity that rings as unrealistic and potentially harmful to the development of young people. While outright, testo… [+7380 chars]",,Screen Rant
99,Arthur Goyaz,"10 Best Tilda Swinton Characters, Ranked By Likability","With Three Thousand Years Of Longing hitting theaters, it's great timing to look back into Tilda Swinton's most likable characters",https://screenrant.com/tilda-swinton-characters-ranked-by-likability/,https://static1.srcdn.com/wordpress/wp-content/uploads/2022/08/Collage-Maker-24-Aug-2022-0317-PM-1.jpg,2022-09-05T23:40:13Z,"Three Thousand Years Of Longing is out in theaters worldwide and offers one of the most intimate Tilda Swinton performances to this day. A prolific actor, Swinton has been taking part in several inte… [+8366 chars]",,Screen Rant
